{"paths": {"/addresses": {"get": {"responses": {"200": {"schema": {"type": "array", "items": {"$ref": "#/definitions/Address"}}, "headers": {"Link": {"schema": {"type": "string"}, "description": null}, "TotalCount": {"schema": {"type": "string"}, "description": null}}, "description": null}}, "parameters": [{"in": "query", "name": "offset", "required": false, "type": "integer", "default": 0, "minimum": 0}, {"in": "query", "name": "limit", "required": false, "type": "integer", "default": 100, "minimum": 1}, {"in": "header", "name": "Authorization", "required": false, "type": "string", "default": null, "x-nullable": true, "description": "Bearer [JWT access token]"}], "description": null, "tags": ["addresses"]}, "post": {"responses": {"200": {"schema": {"$ref": "#/definitions/Address"}, "description": null}}, "parameters": [{"in": "header", "name": "Authorization", "required": false, "type": "string", "default": null, "x-nullable": true, "description": "Bearer [JWT access token]"}, {"in": "body", "required": false, "name": "body", "schema": {"$ref": "#/definitions/AddressForm"}}], "description": null, "tags": ["addresses"]}}, "/addresses/countries": {"get": {"responses": {"200": {"schema": {"type": "array", "items": {"$ref": "#/definitions/Country"}}, "headers": {"Link": {"schema": {"type": "string"}, "description": null}, "TotalCount": {"schema": {"type": "string"}, "description": null}}, "description": null}}, "parameters": [{"in": "query", "name": "offset", "required": false, "type": "integer", "default": 0, "minimum": 0}, {"in": "query", "name": "limit", "required": false, "type": "integer", "default": 100, "minimum": 1}, {"in": "query", "name": "search", "required": false, "type": "string", "default": null, "x-nullable": true}, {"in": "header", "name": "Authorization", "required": false, "type": "string", "default": null, "x-nullable": true, "description": "Bearer [JWT access token]"}], "description": null, "tags": ["addresses"]}}, "/addresses/cities": {"get": {"responses": {"200": {"schema": {"type": "array", "items": {"$ref": "#/definitions/City"}}, "headers": {"Link": {"schema": {"type": "string"}, "description": null}, "TotalCount": {"schema": {"type": "string"}, "description": null}}, "description": null}}, "parameters": [{"in": "query", "name": "offset", "required": false, "type": "integer", "default": 0, "minimum": 0}, {"in": "query", "name": "limit", "required": false, "type": "integer", "default": 100, "minimum": 1}, {"in": "query", "name": "country_id", "required": false, "type": "string", "default": null, "x-nullable": true}, {"in": "query", "name": "search", "required": false, "type": "string", "default": null, "x-nullable": true}, {"in": "header", "name": "Authorization", "required": false, "type": "string", "default": null, "x-nullable": true, "description": "Bearer [JWT access token]"}], "description": null, "tags": ["addresses"]}}, "/addresses/districts": {"get": {"responses": {"200": {"schema": {"type": "array", "items": {"$ref": "#/definitions/District"}}, "headers": {"Link": {"schema": {"type": "string"}, "description": null}, "TotalCount": {"schema": {"type": "string"}, "description": null}}, "description": null}}, "parameters": [{"in": "query", "name": "offset", "required": false, "type": "integer", "default": 0, "minimum": 0}, {"in": "query", "name": "city_id", "required": false, "type": "integer", "default": null, "x-nullable": true}, {"in": "query", "name": "limit", "required": false, "type": "integer", "default": 100, "minimum": 1}, {"in": "query", "name": "search", "required": false, "type": "string", "default": null, "x-nullable": true}, {"in": "header", "name": "Authorization", "required": false, "type": "string", "default": null, "x-nullable": true, "description": "Bearer [JWT access token]"}], "description": null, "tags": ["addresses"]}}, "/addresses/{address_id}": {"delete": {"responses": {"200": {"schema": {"$ref": "#/definitions/DeleteAddressResult"}, "description": null}}, "parameters": [{"in": "header", "name": "Authorization", "required": false, "type": "string", "default": null, "x-nullable": true, "description": "Bearer [JWT access token]"}, {"in": "path", "name": "address_id", "required": true, "type": "integer"}], "description": null, "tags": ["addresses"]}, "get": {"responses": {"200": {"schema": {"$ref": "#/definitions/Address"}, "description": null}}, "parameters": [{"in": "header", "name": "Authorization", "required": false, "type": "string", "default": null, "x-nullable": true, "description": "Bearer [JWT access token]"}, {"in": "path", "name": "address_id", "required": true, "type": "integer"}], "description": null, "tags": ["addresses"]}, "put": {"responses": {"200": {"schema": {"$ref": "#/definitions/Address"}, "description": null}}, "parameters": [{"in": "header", "name": "Authorization", "required": false, "type": "string", "default": null, "x-nullable": true, "description": "Bearer [JWT access token]"}, {"in": "body", "required": false, "name": "body", "schema": {"$ref": "#/definitions/AddressForm"}}, {"in": "path", "name": "address_id", "required": true, "type": "integer"}], "description": null, "tags": ["addresses"]}}, "/auth/login": {"post": {"responses": {"200": {"schema": {"$ref": "#/definitions/LoginResponse"}, "description": null}}, "parameters": [{"in": "body", "required": false, "name": "body", "schema": {"$ref": "#/definitions/LoginJson"}}], "description": null, "tags": ["auth"]}}, "/auth/password_change": {"post": {"responses": {"200": {"schema": {"$ref": "#/definitions/UserInfo"}, "description": null}}, "parameters": [{"in": "header", "name": "Authorization", "required": false, "type": "string", "default": null, "x-nullable": true, "description": "Bearer [JWT access token]"}, {"in": "body", "required": false, "name": "body", "schema": {"$ref": "#/definitions/PasswordChangeRequest"}}], "description": null, "tags": ["auth"]}}, "/auth/user_info": {"get": {"responses": {"200": {"schema": {"$ref": "#/definitions/UserInfo"}, "description": null}}, "parameters": [{"in": "header", "name": "Authorization", "required": false, "type": "string", "default": null, "x-nullable": true, "description": "Bearer [JWT access token]"}], "description": null, "tags": ["auth"]}}, "/auth/push_token": {"get": {"responses": {"200": {"schema": {"type": "array", "items": {"$ref": "#/definitions/PushTokenResponse"}}, "description": null}}, "parameters": [{"in": "header", "name": "Authorization", "required": false, "type": "string", "default": null, "x-nullable": true, "description": "Bearer [JWT access token]"}], "description": null, "tags": ["auth"]}, "post": {"responses": {"200": {"schema": {"$ref": "#/definitions/PushTokenResponse"}, "description": null}}, "parameters": [{"in": "header", "name": "Authorization", "required": false, "type": "string", "default": null, "x-nullable": true, "description": "Bearer [JWT access token]"}, {"in": "body", "required": false, "name": "body", "schema": {"$ref": "#/definitions/PushTokenRequest"}}], "description": null, "tags": ["auth"]}}, "/partners": {"get": {"responses": {"200": {"schema": {"type": "array", "items": {"$ref": "#/definitions/Partner"}}, "headers": {"Link": {"schema": {"type": "string"}, "description": null}, "TotalCount": {"schema": {"type": "string"}, "description": null}}, "description": null}}, "parameters": [{"in": "query", "name": "offset", "required": false, "type": "integer", "default": 0, "minimum": 0}, {"in": "query", "name": "address_id", "required": false, "type": "integer", "default": null, "x-nullable": true}, {"in": "query", "name": "limit", "required": false, "type": "integer", "default": 100, "minimum": 1}, {"in": "query", "name": "favorite_only", "required": false, "type": "boolean", "default": false}, {"in": "header", "name": "Authorization", "required": false, "type": "string", "default": null, "x-nullable": true, "description": "Bearer [JWT access token]"}], "description": null, "tags": ["partners"]}}, "/partners/{partner_id}": {"get": {"responses": {"200": {"schema": {"$ref": "#/definitions/Partner"}, "description": null}}, "parameters": [{"in": "header", "name": "Authorization", "required": false, "type": "string", "default": null, "x-nullable": true, "description": "Bearer [JWT access token]"}, {"in": "path", "name": "partner_id", "required": true, "type": "integer"}], "description": null, "tags": ["partners"]}}, "/partners/{partner_id}/favourite": {"put": {"responses": {"200": {"schema": {"$ref": "#/definitions/PartnerFavoriteResponse"}, "description": null}}, "parameters": [{"in": "header", "name": "Authorization", "required": false, "type": "string", "default": null, "x-nullable": true, "description": "Bearer [JWT access token]"}, {"in": "body", "required": false, "name": "body", "schema": {"$ref": "#/definitions/PartnerFavoriteForm"}}, {"in": "path", "name": "partner_id", "required": true, "type": "integer"}], "description": null, "tags": ["partners"]}}, "/partners/{partner_id}/basket": {"get": {"responses": {"200": {"schema": {"$ref": "#/definitions/Basket"}, "description": null}}, "parameters": [{"in": "header", "name": "Authorization", "required": false, "type": "string", "default": null, "x-nullable": true, "description": "Bearer [JWT access token]"}, {"in": "path", "name": "partner_id", "required": true, "type": "integer"}], "description": null, "tags": ["partners"]}}, "/partners/{partner_id}/basket/add_product": {"post": {"responses": {"200": {"schema": {"$ref": "#/definitions/Basket"}, "description": null}}, "parameters": [{"in": "header", "name": "Authorization", "required": false, "type": "string", "default": null, "x-nullable": true, "description": "Bearer [JWT access token]"}, {"in": "path", "name": "partner_id", "required": true, "type": "integer"}, {"in": "query", "name": "product_id", "required": true, "type": "integer"}, {"in": "query", "name": "quantity", "required": true, "type": "number"}], "description": null, "tags": ["partners"]}}, "/partners/{partner_id}/basket/reorder": {"post": {"responses": {"200": {"schema": {"$ref": "#/definitions/ReorderResponse"}, "description": null}}, "parameters": [{"in": "header", "name": "Authorization", "required": false, "type": "string", "default": null, "x-nullable": true, "description": "Bearer [JWT access token]"}, {"in": "path", "name": "partner_id", "required": true, "type": "integer"}, {"in": "query", "name": "order_number", "required": true, "type": "string"}], "description": null, "tags": ["partners"]}}, "/partners/{partner_id}/basket/lines/{line_id}": {"put": {"responses": {"200": {"schema": {"$ref": "#/definitions/Basket"}, "description": null}}, "parameters": [{"in": "header", "name": "Authorization", "required": false, "type": "string", "default": null, "x-nullable": true, "description": "Bearer [JWT access token]"}, {"in": "path", "name": "line_id", "required": true, "type": "integer"}, {"in": "path", "name": "partner_id", "required": true, "type": "integer"}, {"in": "body", "required": false, "name": "body", "schema": {"$ref": "#/definitions/BasketLineUpdateForm"}}], "description": null, "tags": ["partners"]}}, "/partners/{partner_id}/basket/shipping_methods": {"get": {"responses": {"200": {"schema": {"type": "array", "items": {"$ref": "#/definitions/ShippingMethod"}}, "description": null}}, "parameters": [{"in": "header", "name": "Authorization", "required": false, "type": "string", "default": null, "x-nullable": true, "description": "Bearer [JWT access token]"}, {"in": "path", "name": "partner_id", "required": true, "type": "integer"}, {"in": "query", "name": "address_id", "required": false, "type": "integer", "default": null, "x-nullable": true}], "description": null, "tags": ["partners"]}}, "/partners/{partner_id}/basket/payment_methods": {"get": {"responses": {"200": {"schema": {"type": "array", "items": {"$ref": "#/definitions/PaymentMethod"}}, "description": null}}, "parameters": [{"in": "header", "name": "Authorization", "required": false, "type": "string", "default": null, "x-nullable": true, "description": "Bearer [JWT access token]"}, {"in": "path", "name": "partner_id", "required": true, "type": "integer"}], "description": null, "tags": ["partners"]}}, "/partners/{partner_id}/checkout": {"post": {"responses": {"200": {"schema": {"$ref": "#/definitions/Order"}, "description": null}}, "parameters": [{"in": "header", "name": "Authorization", "required": false, "type": "string", "default": null, "x-nullable": true, "description": "Bearer [JWT access token]"}, {"in": "path", "name": "partner_id", "required": true, "type": "integer"}, {"in": "body", "required": false, "name": "body", "schema": {"$ref": "#/definitions/CheckoutSubmitForm"}}], "description": null, "tags": ["partners"]}}, "/partners/{partner_id}/orders": {"get": {"responses": {"200": {"schema": {"type": "array", "items": {"$ref": "#/definitions/Order"}}, "headers": {"Link": {"schema": {"type": "string"}, "description": null}, "TotalCount": {"schema": {"type": "string"}, "description": null}}, "description": null}}, "parameters": [{"in": "query", "name": "offset", "required": false, "type": "integer", "default": 0, "minimum": 0}, {"in": "query", "name": "limit", "required": false, "type": "integer", "default": 100, "minimum": 1}, {"in": "header", "name": "Authorization", "required": false, "type": "string", "default": null, "x-nullable": true, "description": "Bearer [JWT access token]"}, {"in": "path", "name": "partner_id", "required": true, "type": "integer"}], "description": null, "tags": ["partners"]}}, "/partners/{partner_id}/orders/{number}": {"get": {"responses": {"200": {"schema": {"$ref": "#/definitions/Order"}, "description": null}}, "parameters": [{"in": "header", "name": "Authorization", "required": false, "type": "string", "default": null, "x-nullable": true, "description": "Bearer [JWT access token]"}, {"in": "path", "name": "number", "required": true, "type": "string"}, {"in": "path", "name": "partner_id", "required": true, "type": "integer"}], "description": null, "tags": ["partners"]}}, "/partners/{partner_id}/catalogue/categories/tree": {"get": {"responses": {"200": {"schema": {"type": "array", "items": {"$ref": "#/definitions/CategoryTree"}}, "headers": {"Link": {"schema": {"type": "string"}, "description": null}, "TotalCount": {"schema": {"type": "string"}, "description": null}}, "description": null}}, "parameters": [{"in": "query", "name": "offset", "required": false, "type": "integer", "default": 0, "minimum": 0}, {"in": "query", "name": "limit", "required": false, "type": "integer", "default": 100, "minimum": 1}, {"in": "header", "name": "Authorization", "required": false, "type": "string", "default": null, "x-nullable": true, "description": "Bearer [JWT access token]"}, {"in": "path", "name": "partner_id", "required": true, "type": "integer"}], "description": null, "tags": ["partners"]}}, "/partners/{partner_id}/catalogue/categories/list": {"get": {"responses": {"200": {"schema": {"type": "array", "items": {"$ref": "#/definitions/CategoryList"}}, "headers": {"Link": {"schema": {"type": "string"}, "description": null}, "TotalCount": {"schema": {"type": "string"}, "description": null}}, "description": null}}, "parameters": [{"in": "query", "name": "offset", "required": false, "type": "integer", "default": 0, "minimum": 0}, {"in": "query", "name": "limit", "required": false, "type": "integer", "default": 100, "minimum": 1}, {"in": "header", "name": "Authorization", "required": false, "type": "string", "default": null, "x-nullable": true, "description": "Bearer [JWT access token]"}, {"in": "path", "name": "partner_id", "required": true, "type": "integer"}], "description": null, "tags": ["partners"]}}, "/partners/{partner_id}/catalogue/products": {"get": {"responses": {"200": {"schema": {"type": "array", "items": {"$ref": "#/definitions/Product"}}, "headers": {"Link": {"schema": {"type": "string"}, "description": null}, "TotalCount": {"schema": {"type": "string"}, "description": null}}, "description": null}}, "parameters": [{"in": "query", "name": "limit", "required": false, "type": "integer", "default": 100, "minimum": 1}, {"in": "query", "name": "search", "required": false, "type": "string", "default": "*"}, {"in": "query", "name": "offset", "required": false, "type": "integer", "default": 0, "minimum": 0}, {"in": "query", "name": "sort_by", "required": false, "default": "relevancy", "description": "newest\npopularity\nprice_high_to_low\nprice_low_to_high\nrelevancy\ntop_rated", "type": "string", "enum": ["relevancy", "top_rated", "newest", "price_high_to_low", "price_low_to_high", "popularity"]}, {"in": "query", "name": "category_id", "required": false, "type": "integer", "default": null, "x-nullable": true}, {"in": "header", "name": "Authorization", "required": false, "type": "string", "default": null, "x-nullable": true, "description": "Bearer [JWT access token]"}, {"in": "path", "name": "partner_id", "required": true, "type": "integer"}], "description": null, "tags": ["partners"]}}, "/catalogue/categories/tree": {"get": {"responses": {"200": {"schema": {"type": "array", "items": {"$ref": "#/definitions/CategoryTree"}}, "headers": {"Link": {"schema": {"type": "string"}, "description": null}, "TotalCount": {"schema": {"type": "string"}, "description": null}}, "description": null}}, "parameters": [{"in": "query", "name": "offset", "required": false, "type": "integer", "default": 0, "minimum": 0}, {"in": "query", "name": "limit", "required": false, "type": "integer", "default": 100, "minimum": 1}, {"in": "header", "name": "Authorization", "required": false, "type": "string", "default": null, "x-nullable": true, "description": "Bearer [JWT access token]"}], "description": null, "tags": ["catalogue"]}}, "/catalogue/categories/list": {"get": {"responses": {"200": {"schema": {"type": "array", "items": {"$ref": "#/definitions/CategoryList"}}, "headers": {"Link": {"schema": {"type": "string"}, "description": null}, "TotalCount": {"schema": {"type": "string"}, "description": null}}, "description": null}}, "parameters": [{"in": "query", "name": "offset", "required": false, "type": "integer", "default": 0, "minimum": 0}, {"in": "query", "name": "limit", "required": false, "type": "integer", "default": 100, "minimum": 1}, {"in": "header", "name": "Authorization", "required": false, "type": "string", "default": null, "x-nullable": true, "description": "Bearer [JWT access token]"}], "description": null, "tags": ["catalogue"]}}, "/orders": {"get": {"responses": {"200": {"schema": {"type": "array", "items": {"$ref": "#/definitions/Order"}}, "headers": {"Link": {"schema": {"type": "string"}, "description": null}, "TotalCount": {"schema": {"type": "string"}, "description": null}}, "description": null}}, "parameters": [{"in": "query", "name": "offset", "required": false, "type": "integer", "default": 0, "minimum": 0}, {"in": "query", "name": "limit", "required": false, "type": "integer", "default": 100, "minimum": 1}, {"in": "header", "name": "Authorization", "required": false, "type": "string", "default": null, "x-nullable": true, "description": "Bearer [JWT access token]"}], "description": null, "tags": ["orders"]}}, "/orders/{number}": {"get": {"responses": {"200": {"schema": {"$ref": "#/definitions/Order"}, "description": null}}, "parameters": [{"in": "header", "name": "Authorization", "required": false, "type": "string", "default": null, "x-nullable": true, "description": "Bearer [JWT access token]"}, {"in": "path", "name": "number", "required": true, "type": "string"}], "description": null, "tags": ["orders"]}}, "/payment/stripe/public_key/": {"get": {"responses": {"200": {"schema": {"$ref": "#/definitions/GetPublicKeyResponse"}, "description": null}}, "parameters": [{"in": "header", "name": "Authorization", "required": false, "type": "string", "default": null, "x-nullable": true, "description": "Bearer [JWT access token]"}], "description": null, "tags": ["payment"]}}, "/payment/stripe/create_setup_intent/": {"post": {"responses": {"200": {"schema": {"$ref": "#/definitions/CreateSetupIntentResponse"}, "description": null}}, "parameters": [{"in": "header", "name": "Authorization", "required": false, "type": "string", "default": null, "x-nullable": true, "description": "Bearer [JWT access token]"}], "description": null, "tags": ["payment"]}}, "/payment/stripe/complete_setup_intent/": {"post": {"responses": {"200": {"schema": {"$ref": "#/definitions/CompleteSetupIntentResponse"}, "description": null}}, "parameters": [{"in": "header", "name": "Authorization", "required": false, "type": "string", "default": null, "x-nullable": true, "description": "Bearer [JWT access token]"}, {"in": "body", "required": false, "name": "body", "schema": {"$ref": "#/definitions/CompleteSetupIntentRequest"}}], "description": null, "tags": ["payment"]}}, "/payment/stripe/setup_intent_page_url/": {"get": {"responses": {"200": {"schema": {"$ref": "#/definitions/SetupIntentPageUrlResponse"}, "description": null}}, "parameters": [{"in": "header", "name": "Authorization", "required": false, "type": "string", "default": null, "x-nullable": true, "description": "Bearer [JWT access token]"}], "description": null, "tags": ["payment"]}}, "/payment/stripe/setup_intent_page/": {"get": {"responses": {}, "parameters": [{"in": "header", "name": "Authorization", "required": false, "type": "string", "default": null, "x-nullable": true, "description": "Bearer [JWT access token]"}, {"in": "query", "name": "otp", "required": true, "type": "string"}], "description": null, "tags": ["payment"]}}, "/payment/transactions/{transaction_id}": {"get": {"responses": {"200": {"schema": {"$ref": "#/definitions/Transaction"}, "description": null}}, "parameters": [{"in": "header", "name": "Authorization", "required": false, "type": "string", "default": null, "x-nullable": true, "description": "Bearer [JWT access token]"}, {"in": "path", "name": "transaction_id", "required": true, "type": "string"}], "description": null, "tags": ["payment"]}}, "/payment/bankcards/": {"get": {"responses": {"200": {"schema": {"type": "array", "items": {"$ref": "#/definitions/Bankcard"}}, "description": null}}, "parameters": [{"in": "header", "name": "Authorization", "required": false, "type": "string", "default": null, "x-nullable": true, "description": "Bearer [JWT access token]"}], "description": null, "tags": ["payment"]}}, "/payment/bankcards/{card_id}": {"delete": {"responses": {"200": {"schema": {"$ref": "#/definitions/DeleteBankcard"}, "description": null}}, "parameters": [{"in": "header", "name": "Authorization", "required": false, "type": "string", "default": null, "x-nullable": true, "description": "Bearer [JWT access token]"}, {"in": "path", "name": "card_id", "required": true, "type": "string"}], "description": null, "tags": ["payment"]}, "get": {"responses": {"200": {"schema": {"$ref": "#/definitions/Bankcard"}, "description": null}}, "parameters": [{"in": "header", "name": "Authorization", "required": false, "type": "string", "default": null, "x-nullable": true, "description": "Bearer [JWT access token]"}, {"in": "path", "name": "card_id", "required": true, "type": "string"}], "description": null, "tags": ["payment"]}}, "/zoho/create_lead/": {"post": {"responses": {"200": {"schema": {"$ref": "#/definitions/CreateLeadResponse"}, "description": null}}, "parameters": [{"in": "body", "required": false, "name": "body", "schema": {"$ref": "#/definitions/CreateLeadJson"}}], "description": null, "tags": ["zoho"]}}}, "info": {"title": "api", "version": "0.0.1"}, "swagger": "2.0", "definitions": {"Address": {"type": "object", "properties": {"line2": {"type": "string"}, "phone_number": {"type": "string"}, "notes": {"type": "string"}, "id": {"type": "integer"}, "is_default_for_billing": {"type": "boolean"}, "line3": {"type": "string"}, "address_name": {"type": "string"}, "lon": {"type": "string"}, "is_default_for_shipping": {"type": "boolean"}, "google_maps_place_id": {"type": "string"}, "lat": {"type": "string"}, "line4": {"type": "string"}, "line1": {"type": "string"}}, "required": ["address_name", "google_maps_place_id", "id", "is_default_for_billing", "is_default_for_shipping", "lat", "line1", "line2", "line3", "line4", "lon", "notes", "phone_number"]}, "AddressForm": {"type": "object", "properties": {"line2": {"type": "string"}, "phone_number": {"type": "string", "description": "Phone"}, "notes": {"type": "string", "default": null, "x-nullable": true}, "is_default_for_billing": {"type": "boolean", "default": null, "x-nullable": true}, "lon": {"type": "string"}, "line3": {"type": "string"}, "address_name": {"type": "string", "default": null, "x-nullable": true}, "is_default_for_shipping": {"type": "boolean", "default": null, "x-nullable": true}, "google_maps_place_id": {"type": "string", "default": null, "x-nullable": true}, "lat": {"type": "string"}, "line4": {"type": "string", "default": null, "x-nullable": true}, "line1": {"type": "string"}}, "required": ["lat", "line1", "line2", "line3", "lon", "phone_number"]}, "Country": {"type": "object", "properties": {"printable_name": {"type": "string"}, "name": {"type": "string"}, "iso_3166_1_a3": {"type": "string"}, "is_shipping_country": {"type": "string"}, "pk": {"type": "string"}, "display_order": {"type": "integer"}, "iso_3166_1_numeric": {"type": "string"}, "iso_3166_1_a2": {"type": "string"}}, "required": ["display_order", "is_shipping_country", "iso_3166_1_a2", "iso_3166_1_a3", "iso_3166_1_numeric", "name", "pk", "printable_name"]}, "City": {"type": "object", "properties": {"country_id": {"type": "string"}, "pk": {"type": "integer"}, "name": {"type": "string"}}, "required": ["country_id", "name", "pk"]}, "District": {"type": "object", "properties": {"city_id": {"type": "integer"}, "pk": {"type": "integer"}, "name": {"type": "string"}}, "required": ["city_id", "name", "pk"]}, "DeleteAddressResult": {"type": "object", "properties": {"ok": {"type": "boolean"}}, "required": ["ok"]}, "LoginJson": {"type": "object", "properties": {"password": {"type": "string"}, "login": {"type": "string"}}, "required": ["login", "password"]}, "LoginResponse": {"type": "object", "properties": {"jwt": {"type": "string"}}, "required": ["jwt"]}, "PasswordChangeRequest": {"type": "object", "properties": {"old_password": {"type": "string"}, "new_password1": {"type": "string"}, "new_password2": {"type": "string"}}, "required": ["new_password1", "new_password2", "old_password"]}, "UserInfo": {"type": "object", "properties": {"email": {"type": "string"}, "name": {"type": "string"}, "pk": {"type": "string"}, "company": {"type": "string"}, "phone": {"type": "string"}}, "required": ["company", "email", "name", "phone", "pk"]}, "PushTokenResponse": {"type": "object", "properties": {"token": {"type": "string"}}, "required": ["token"]}, "PushTokenRequest": {"type": "object", "properties": {"token": {"type": "string"}}, "required": ["token"]}, "DeliverySettings": {"type": "object", "properties": {"estimated_min_days": {"type": "integer"}, "id": {"type": "string"}, "estimated_max_days": {"type": "integer"}, "min_order_amount": {"type": "string"}, "shipping_cost": {"type": "string"}, "free_shipping_min_amount": {"type": "string"}}, "required": ["estimated_max_days", "estimated_min_days", "free_shipping_min_amount", "id", "min_order_amount", "shipping_cost"]}, "Thumbnail": {"type": "object", "properties": {"x2": {"type": "string"}, "x1": {"type": "string"}, "x3": {"type": "string"}}, "required": ["x1", "x2", "x3"]}, "Partner": {"type": "object", "properties": {"legal_address": {"type": "string"}, "id": {"type": "integer"}, "is_favourite": {"type": "boolean"}, "created_at": {"type": "string"}, "tax_amount": {"type": "string"}, "categories": {"type": "array", "items": {"type": "string"}}, "name": {"type": "string"}, "taxation_number": {"type": "string"}, "delivery_settings": {"$ref": "#/definitions/DeliverySettings"}, "status": {"type": "string"}, "legal_business_name": {"type": "string"}, "short_description": {"type": "string"}, "cover_image": {"type": "string"}, "cover_thumbnail": {"type": "object", "additionalProperties": {"$ref": "#/definitions/Thumbnail"}}, "logo_thumbnail": {"type": "object", "additionalProperties": {"$ref": "#/definitions/Thumbnail"}}, "logo": {"type": "string"}}, "required": ["categories", "cover_image", "cover_thumbnail", "created_at", "delivery_settings", "id", "is_favourite", "legal_address", "legal_business_name", "logo", "logo_thumbnail", "name", "short_description", "status", "tax_amount", "taxation_number"]}, "PartnerFavoriteForm": {"type": "object", "properties": {"is_favourite": {"type": "boolean", "default": false}}}, "PartnerFavoriteResponse": {"type": "object", "properties": {"ok": {"type": "boolean"}}, "required": ["ok"]}, "Benefit": {"type": "object", "properties": {"type": {"type": "string"}, "value": {"type": "string"}, "name": {"type": "string"}}, "required": ["name", "type", "value"]}, "Voucher": {"type": "object", "properties": {"description": {"type": "string"}, "code": {"type": "string"}, "benefit": {"$ref": "#/definitions/Benefit"}, "name": {"type": "string"}}, "required": ["benefit", "code", "description", "name"]}, "BasketDiscount": {"type": "object", "properties": {"affects": {"type": "number"}, "discount": {"type": "number"}, "description": {"type": "string"}, "is_final": {"type": "boolean"}, "affects_shipping": {"type": "boolean"}, "affects_basket": {"type": "boolean"}, "affects_post_order": {"type": "boolean"}, "is_successful": {"type": "boolean"}}, "required": ["affects", "affects_basket", "affects_post_order", "affects_shipping", "description", "discount", "is_final", "is_successful"]}, "OfferDiscount": {"type": "object", "properties": {"id": {"type": "integer"}, "discount": {"type": "number"}, "description": {"type": "string"}, "name": {"type": "string"}, "voucher": {"$ref": "#/definitions/Voucher"}, "result": {"$ref": "#/definitions/BasketDiscount"}}, "required": ["description", "discount", "id", "name", "result", "voucher"]}, "VoucherDiscount": {"type": "object", "properties": {"id": {"type": "integer"}, "discount": {"type": "number"}, "description": {"type": "string"}, "name": {"type": "string"}, "voucher": {"$ref": "#/definitions/Voucher"}, "result": {"$ref": "#/definitions/BasketDiscount"}}, "required": ["description", "discount", "id", "name", "result", "voucher"]}, "BasketPartnerBrief": {"type": "object", "properties": {"id": {"type": "integer"}, "name": {"type": "string"}}, "required": ["id", "name"]}, "StockRecord": {"type": "object", "properties": {"price_currency": {"type": "string"}, "id": {"type": "integer"}, "price": {"type": "number"}, "partner": {"$ref": "#/definitions/BasketPartnerBrief"}, "partner_sku": {"type": "string"}, "price_was": {"type": "number"}}, "required": ["id", "partner", "partner_sku", "price", "price_currency", "price_was"]}, "UoM": {"type": "object", "properties": {"symbol": {"type": "string"}, "comparison_quantity": {"type": "number"}, "internal_symbol": {"type": "string"}, "allow_bare_number": {"type": "boolean"}, "display_precision": {"type": "number"}}, "required": ["allow_bare_number", "comparison_quantity", "display_precision", "internal_symbol", "symbol"]}, "Product": {"type": "object", "properties": {"quantity_step": {"type": "number"}, "rounded_minimum_purchase_quantity": {"type": "number"}, "attrs": {"type": "object", "additionalProperties": {"x-nullable": true}}, "primary_thumbnail_image_url": {"type": "object", "additionalProperties": {"$ref": "#/definitions/Thumbnail"}}, "all_images_urls": {"type": "array", "items": {"x-nullable": true}}, "title": {"type": "string"}, "currency": {"type": "string"}, "upc": {"type": "string"}, "description_text": {"type": "string"}, "category_id": {"type": "array", "items": {"x-nullable": true}}, "price_was": {"type": "number"}, "all_thumbnail_images_urls": {"type": "array", "items": {"type": "object", "additionalProperties": {"$ref": "#/definitions/Thumbnail"}}}, "category_name": {"type": "array", "items": {"x-nullable": true}}, "display_quantity_minimum": {"type": "number"}, "unit": {"$ref": "#/definitions/UoM"}, "primary_image_url": {"type": "string"}, "id": {"type": "integer"}, "price": {"type": "number"}, "display_quantity_step": {"type": "number"}}, "required": ["all_images_urls", "all_thumbnail_images_urls", "attrs", "category_id", "category_name", "currency", "description_text", "display_quantity_minimum", "display_quantity_step", "id", "price", "price_was", "primary_image_url", "primary_thumbnail_image_url", "quantity_step", "rounded_minimum_purchase_quantity", "title", "unit", "upc"]}, "BasketLine": {"type": "object", "properties": {"price_currency": {"type": "string"}, "id": {"type": "integer"}, "stockrecord": {"$ref": "#/definitions/StockRecord"}, "quantity": {"type": "number"}, "product": {"$ref": "#/definitions/Product"}, "line_price_incl_tax_incl_discounts": {"type": "number"}}, "required": ["id", "line_price_incl_tax_incl_discounts", "price_currency", "product", "quantity", "stockrecord"]}, "Basket": {"type": "object", "properties": {"total_incl_tax_excl_discounts": {"type": "number"}, "contains_a_voucher": {"type": "boolean"}, "shipping_discounts": {"x-nullable": true}, "can_be_edited": {"type": "boolean"}, "total_tax": {"type": "number"}, "currency": {"type": "string"}, "num_items_without_discount": {"type": "number"}, "has_shipping_discounts": {"type": "boolean"}, "total_excl_tax": {"type": "number"}, "status": {"type": "string"}, "owner": {"$ref": "#/definitions/UserInfo"}, "total_incl_tax": {"type": "number"}, "num_items": {"type": "number"}, "is_tax_known": {"type": "boolean"}, "num_items_with_discount": {"type": "number"}, "total_excl_tax_excl_discounts": {"type": "number"}, "is_submitted": {"type": "boolean"}, "offer_discounts": {"type": "array", "items": {"$ref": "#/definitions/OfferDiscount"}}, "total_discount": {"type": "number"}, "voucher_discounts": {"type": "array", "items": {"$ref": "#/definitions/VoucherDiscount"}}, "time_since_creation": {"type": "string"}, "id": {"type": "integer"}, "partner": {"$ref": "#/definitions/BasketPartnerBrief"}, "all_lines": {"type": "array", "items": {"$ref": "#/definitions/BasketLine"}}, "time_before_submit": {"type": "string"}}, "required": ["all_lines", "can_be_edited", "contains_a_voucher", "currency", "has_shipping_discounts", "id", "is_submitted", "is_tax_known", "num_items", "num_items_with_discount", "num_items_without_discount", "offer_discounts", "owner", "partner", "shipping_discounts", "status", "time_before_submit", "time_since_creation", "total_discount", "total_excl_tax", "total_excl_tax_excl_discounts", "total_incl_tax", "total_incl_tax_excl_discounts", "total_tax", "voucher_discounts"]}, "ReorderResponse": {"type": "object", "properties": {"warnings": {"type": "array", "default": null, "x-nullable": true, "items": {"type": "string"}}, "basket": {"$ref": "#/definitions/Basket"}, "info": {"type": "array", "default": null, "x-nullable": true, "items": {"type": "string"}}}, "required": ["basket"]}, "BasketLineUpdateForm": {"type": "object", "properties": {"quantity": {"type": "number"}}, "required": ["quantity"]}, "ShippingMethodPrice": {"type": "object", "properties": {"excl_tax": {"type": "number"}, "currency": {"type": "string"}, "incl_tax": {"type": "number"}, "tax": {"type": "number"}}, "required": ["currency", "excl_tax", "incl_tax", "tax"]}, "ShippingMethod": {"type": "object", "properties": {"price": {"$ref": "#/definitions/ShippingMethodPrice"}, "code": {"type": "string"}, "name": {"type": "string"}}, "required": ["code", "name", "price"]}, "PaymentMethod": {"type": "object", "properties": {"code": {"type": "string"}, "name": {"type": "string"}}, "required": ["code", "name"]}, "CheckoutPayment": {"type": "object", "properties": {"card_id": {"type": "integer", "default": null, "x-nullable": true}, "method": {"type": "string"}}, "required": ["method"]}, "CheckoutSubmission": {"type": "object", "properties": {"basket_id": {"type": "integer", "default": null, "x-nullable": true}, "order_number": {"type": "string", "default": null, "x-nullable": true}}}, "CheckoutGuest": {"type": "object", "properties": {"email": {"type": "string", "default": null, "x-nullable": true}}}, "CheckoutShipping": {"type": "object", "properties": {"user_address_id": {"type": "integer", "default": null, "x-nullable": true}, "new_address_fields": {"default": null, "x-nullable": true}, "method_code": {"type": "string", "default": null, "x-nullable": true}}}, "CheckoutBilling": {"type": "object", "properties": {"user_address_id": {"type": "integer", "default": null, "x-nullable": true}, "new_address_fields": {"default": null, "x-nullable": true}, "billing_address_same_as_shipping": {"type": "boolean", "default": true}}}, "CheckoutSubmitForm": {"type": "object", "properties": {"payment": {"$ref": "#/definitions/CheckoutPayment"}, "submission": {"$ref": "#/definitions/CheckoutSubmission"}, "guest": {"$ref": "#/definitions/CheckoutGuest"}, "shipping": {"$ref": "#/definitions/CheckoutShipping"}, "billing": {"$ref": "#/definitions/CheckoutBilling"}}, "required": ["billing", "guest", "payment", "shipping", "submission"]}, "OrderStatusChange": {"type": "object", "properties": {"new_status": {"type": "string"}, "old_status": {"type": "string"}, "date_created": {"type": "string"}}, "required": ["date_created", "new_status", "old_status"]}, "OrderDiscount": {"type": "object", "properties": {"offer_name": {"type": "integer"}, "amount": {"type": "number"}}, "required": ["amount", "offer_name"]}, "SourceType": {"type": "object", "properties": {"id": {"type": "integer"}, "code": {"type": "string"}, "name": {"type": "string"}}, "required": ["code", "id", "name"]}, "Source": {"type": "object", "properties": {"currency": {"type": "string"}, "amount_refunded": {"type": "number", "default": null, "x-nullable": true}, "source_type": {"$ref": "#/definitions/SourceType"}, "amount_debited": {"type": "number", "default": null, "x-nullable": true}, "amount_allocated": {"type": "number", "default": null, "x-nullable": true}, "label": {"type": "string", "default": null, "x-nullable": true}}, "required": ["currency", "source_type"]}, "Transaction": {"type": "object", "properties": {"currency": {"type": "string", "default": null, "x-nullable": true}, "error_info": {"type": "string", "default": null, "x-nullable": true}, "id": {"type": "integer"}, "amount": {"type": "number", "default": null, "x-nullable": true}, "status": {"type": "string", "description": "new\nin_progress\ncomplete\nerror"}, "txn_type": {"type": "string", "default": null, "x-nullable": true}, "date_created": {"type": "string", "default": null, "x-nullable": true}, "source": {"$ref": "#/definitions/Source"}}, "required": ["id", "source", "status"]}, "OrderPartnerBrief": {"type": "object", "properties": {"logo_thumbnail": {"type": "object", "additionalProperties": {"$ref": "#/definitions/Thumbnail"}}, "id": {"type": "integer"}, "name": {"type": "string"}}, "required": ["id", "logo_thumbnail", "name"]}, "OrderLineProduct": {"type": "object", "properties": {"quantity_step": {"type": "number"}, "id": {"type": "integer"}, "all_thumbnail_images_urls": {"type": "array", "items": {"type": "object", "additionalProperties": {"$ref": "#/definitions/Thumbnail"}}}, "category_name": {"type": "array", "items": {"x-nullable": true}}, "display_quantity_minimum": {"type": "number"}, "upc": {"type": "string"}, "rounded_minimum_purchase_quantity": {"type": "number"}, "unit": {"$ref": "#/definitions/UoM"}, "description_text": {"type": "string"}, "attrs": {"type": "object", "additionalProperties": {"x-nullable": true}}, "primary_thumbnail_image_url": {"type": "object", "additionalProperties": {"$ref": "#/definitions/Thumbnail"}}, "all_images_urls": {"type": "array", "items": {"x-nullable": true}}, "category_id": {"type": "array", "items": {"x-nullable": true}}, "title": {"type": "string"}, "display_quantity_step": {"type": "number"}, "primary_image_url": {"type": "string"}}, "required": ["all_images_urls", "all_thumbnail_images_urls", "attrs", "category_id", "category_name", "description_text", "display_quantity_minimum", "display_quantity_step", "id", "primary_image_url", "primary_thumbnail_image_url", "quantity_step", "rounded_minimum_purchase_quantity", "title", "unit", "upc"]}, "OrderLine": {"type": "object", "properties": {"id": {"type": "integer"}, "description": {"type": "string"}, "line_price_before_discounts_incl_tax": {"type": "number"}, "status": {"type": "string"}, "quantity": {"type": "number"}, "product": {"$ref": "#/definitions/OrderLineProduct"}, "line_price_before_discounts_excl_tax": {"type": "number"}, "shipping_status": {"type": "string"}}, "required": ["description", "id", "line_price_before_discounts_excl_tax", "line_price_before_discounts_incl_tax", "product", "quantity", "shipping_status", "status"]}, "Order": {"type": "object", "properties": {"status_history": {"type": "array", "items": {"$ref": "#/definitions/OrderStatusChange"}}, "basket_total_incl_tax": {"type": "number"}, "shipping_discounts": {"type": "array", "items": {"$ref": "#/definitions/OrderDiscount"}}, "shipping_status": {"type": "string"}, "total_tax": {"type": "number"}, "currency": {"type": "string"}, "can_reorder": {"type": "boolean"}, "basket_total_before_discounts_incl_tax": {"type": "number"}, "has_shipping_discounts": {"type": "boolean"}, "payment_transactions": {"type": "array", "items": {"$ref": "#/definitions/Transaction"}}, "status": {"type": "string"}, "shipping_before_discounts_incl_tax": {"type": "number"}, "total_incl_tax": {"type": "number"}, "shipping_address": {"$ref": "#/definitions/Address"}, "basket_discounts": {"type": "array", "items": {"$ref": "#/definitions/OrderDiscount"}}, "shipping_incl_tax": {"type": "number"}, "number": {"type": "string"}, "id": {"type": "integer"}, "shipping_method": {"type": "string"}, "partner": {"$ref": "#/definitions/OrderPartnerBrief"}, "date_placed": {"type": "string"}, "all_lines": {"type": "array", "items": {"$ref": "#/definitions/OrderLine"}}}, "required": ["all_lines", "basket_discounts", "basket_total_before_discounts_incl_tax", "basket_total_incl_tax", "can_reorder", "currency", "date_placed", "has_shipping_discounts", "id", "number", "partner", "payment_transactions", "shipping_address", "shipping_before_discounts_incl_tax", "shipping_discounts", "shipping_incl_tax", "shipping_method", "shipping_status", "status", "status_history", "total_incl_tax", "total_tax"]}, "CategoryTree": {"type": "object", "properties": {"meta_title": {"type": "string"}, "slug": {"type": "string"}, "id": {"type": "integer"}, "description": {"type": "string"}, "name": {"type": "string"}, "parent_path": {"type": "string"}, "children": {"type": "array", "items": {"x-nullable": true}}, "path": {"type": "string"}, "meta_description": {"type": "string"}, "image_thumbnail": {"type": "object", "additionalProperties": {"$ref": "#/definitions/Thumbnail"}}, "image": {"type": "string"}}, "required": ["children", "description", "id", "image", "image_thumbnail", "meta_description", "meta_title", "name", "parent_path", "path", "slug"]}, "CategoryList": {"type": "object", "properties": {"meta_title": {"type": "string"}, "slug": {"type": "string"}, "id": {"type": "integer"}, "description": {"type": "string"}, "name": {"type": "string"}, "parent_path": {"type": "string"}, "path": {"type": "string"}, "meta_description": {"type": "string"}, "image_thumbnail": {"type": "object", "additionalProperties": {"$ref": "#/definitions/Thumbnail"}}, "image": {"type": "string"}}, "required": ["description", "id", "image", "image_thumbnail", "meta_description", "meta_title", "name", "parent_path", "path", "slug"]}, "GetPublicKeyResponse": {"type": "object", "properties": {"public_key": {"type": "string"}}, "required": ["public_key"]}, "CreateSetupIntentResponse": {"type": "object", "properties": {"setup_intent_id": {"type": "string"}, "public_key": {"type": "string"}, "client_secret": {"type": "string"}}, "required": ["client_secret", "public_key", "setup_intent_id"]}, "CompleteSetupIntentRequest": {"type": "object", "properties": {"payment_method_id": {"type": "string"}, "setup_intent_id": {"type": "string"}, "client_secret": {"type": "string"}}, "required": ["client_secret", "payment_method_id", "setup_intent_id"]}, "CompleteSetupIntentResponse": {"type": "object", "properties": {"card_id": {"type": "integer", "default": null, "x-nullable": true}}}, "SetupIntentPageUrlResponse": {"type": "object", "properties": {"page_url": {"type": "string"}}, "required": ["page_url"]}, "Bankcard": {"type": "object", "properties": {"number": {"type": "string"}, "id": {"type": "integer"}, "expiry_date": {"type": "string"}, "name": {"type": "string"}, "source_type_code": {"type": "string"}, "card_type": {"type": "string"}}, "required": ["card_type", "expiry_date", "id", "name", "number", "source_type_code"]}, "DeleteBankcard": {"type": "object", "properties": {"ok": {"type": "string", "default": "True"}}}, "CreateLeadJson": {"type": "object", "properties": {"last_name": {"type": "string", "default": null, "x-nullable": true}, "lead_source": {"type": "string", "default": null, "x-nullable": true}, "first_name": {"type": "string", "default": null, "x-nullable": true}, "company": {"type": "string", "default": null, "x-nullable": true}, "phone": {"type": "string", "description": "Phone"}}, "required": ["phone"]}, "CreateLeadResponse": {"type": "object", "properties": {"ok": {"type": "boolean", "default": true}}}}}