{
  "cli": {
    "version": ">= 4.1.2"
  },
  "build": {
    "production": {
      "node": "16.19.1",
      "channel": "production"
    },
    "preview": {
      "extends": "production",
      "distribution": "internal",
      "channel": "preview"
    },
    "development": {
      "extends": "production",
      "developmentClient": true,
      "distribution": "internal",
      "channel": "development",
      "ios": {
        "simulator": true
      },
      "android": {
        "buildType": "apk"
      }
    }
  },
  "submit": {
    "production": {}
  }
}